4;2023-07-15;Préparer le rapport mensuel
7;2023-08-05;Organiser une réunion d'équipe
2;2023-06-12;Classer les documents administratifs
6;2023-09-10;Mettre à jour la base de données clients
5;2023-07-30;Répondre aux e-mails professionnels
3;2023-06-28;Planifier les congés d'été
9;2023-08-20;Rédiger le rapport de projet
1;2023-06-10;Nettoyer le bureau
8;2023-09-02;Préparer la présentation pour le client
4;2023-07-19;Faire le suivi des commandes en attente
7;2023-08-15;Analyser les données de vente
2;2023-06-14;Organiser les archives physiques
6;2023-09-05;Vérifier les erreurs dans le fichier Excel
5;2023-07-25;Planifier les rendez-vous du mois
3;2023-06-24;Préparer les fiches de formation
9;2023-08-15;Tester le nouveau logiciel
1;2023-06-07;Effectuer des recherches en ligne
8;2023-08-28;Mettre à jour le site web de l'entreprise
4;2023-07-17;Réserver les billets de voyage pour l'équipe
7;2023-08-10;Suivre les paiements des factures clients
2;2023-06-16;Réorganiser le classement des dossiers
6;2023-08-31;Préparer les contrats pour les nouveaux clients
5;2023-07-28;Faire des photocopies des documents importants
3;2023-06-22;Répondre aux demandes de renseignements des clients
9;2023-08-15;Faire l'inventaire des fournitures de bureau
1;2023-06-05;Configurer les nouveaux ordinateurs
8;2023-08-25;Vérifier les mises à jour du système d'exploitation
4;2023-07-21;Coordonner les déplacements des collègues
7;2023-08-08;Préparer les tableaux de bord mensuels
2;2023-06-19;Archiver les anciens contrats
6;2023-09-03;Effectuer des sauvegardes régulières des données
5;2023-07-27;Réorganiser l'espace de stockage des documents
3;2023-06-26;Envoyer les rappels de réunions aux participants
9;2023-08-16;Trouver de nouvelles idées pour améliorer les processus
1;2023-06-09;Vérifier les niveaux de stock des fournitures
8;2023-08-30;Préparer les documents pour l'audit annuel
4;2023-07-14;Effectuer des tests de sécurité sur le réseau
7;2023-08-03;Collaborer avec l'équipe marketing pour une campagne publicitaire
2;2023-06-10;Suivre les heures de travail des employés
6;2023-09-09;Configurer les paramètres de confidentialité des fichiers
5;2023-07-29;Effectuer des recherches de marché
3;2023-06-27;Organiser les formations internes
9;2023-08-19;Préparer les rapports de dépenses
1;2023-06-12;Rédiger le compte rendu de réunion
8;2023-09-01;Optimiser les processus de travail
4;2023-07-18;Coordonner les interventions des techniciens
7;2023-08-13;Mettre à jour le manuel des employés
2;2023-06-13;Planifier les entretiens annuels
6;2023-09-04;Préparer les documents pour la revue de projet
5;2023-07-26;Mettre à jour les profils des clients dans la base de données
3;2023-06-23;Vérifier les échéances des contrats
9;2023-08-18;Analyser les rapports de performance
1;2023-06-08;Répondre aux appels téléphoniques professionnels
8;2023-08-27;Effectuer des recherches concurrentielles
4;2023-07-20;Préparer les présentations pour les réunions clients
7;2023-08-12;Tester les nouvelles fonctionnalités du logiciel
2;2023-06-15;Réaliser des graphiques de suivi des ventes
6;2023-08-29;Mettre à jour les politiques internes de l'entreprise
5;2023-07-24;Préparer les documents pour l'assemblée générale
3;2023-06-21;Rédiger les fiches de poste pour de nouveaux recrutements
9;2023-08-14;Faire des traductions pour les clients étrangers
1;2023-06-07;Tester les nouvelles fonctionnalités du site web
8;2023-08-23;Analyser les retours clients
4;2023-07-16;Coordonner les livraisons des fournisseurs
7;2023-08-09;Préparer les supports de formation
2;2023-06-17;Vérifier la conformité des documents juridiques
6;2023-09-02;Préparer les factures pour les clients
5;2023-07-31;Effectuer des analyses de rentabilité
3;2023-06-29;Organiser les déplacements professionnels
9;2023-08-21;Mettre à jour les procédures de sécurité informatique
1;2023-06-11;Effectuer des recherches sur de nouveaux fournisseurs
8;2023-08-26;Réviser les contrats en cours
4;2023-07-22;Préparer les fiches de paie
7;2023-08-11;Planifier les formations externes pour l'équipe
2;2023-06-18;Répondre aux demandes de devis des clients
6;2023-09-06;Vérifier les erreurs dans les documents comptables
5;2023-08-01;Effectuer des analyses de performances financières
3;2023-06-30;Coordonner les actions de communication interne
9;2023-08-22;Rédiger les offres commerciales
1;2023-06-13;Nettoyer les ordinateurs et les équipements
8;2023-08-29;Analyser les résultats des enquêtes de satisfaction
4;2023-07-15;Préparer les dossiers pour les contrôles fiscaux
7;2023-08-07;Effectuer des analyses de marché
2;2023-06-19;Planifier les réunions avec les fournisseurs
6;2023-09-07;Vérifier les erreurs dans les rapports financiers
5;2023-08-02;Coordonner les actions de responsabilité sociale de l'entreprise
3;2023-07-01;Mettre à jour les politiques de confidentialité
9;2023-08-23;Préparer les documents pour la certification qualité
1;2023-06-14;Organiser les activités de team-building
8;2023-08-30;Effectuer des analyses de coûts
4;2023-07-16;Préparer les supports de communication pour un salon professionnel
7;2023-08-08;Mettre à jour les informations dans la base de données clients
2;2023-06-20;Répondre aux demandes de renseignements des partenaires commerciaux
6;2023-09-08;Vérifier les erreurs dans les factures fournisseurs
5;2023-08-03;Planifier les activités promotionnelles
3;2023-07-02;Organiser les visites clients
9;2023-08-24;Réaliser des études de faisabilité
1;2023-06-15;Répondre aux demandes de renseignements des fournisseurs
8;2023-08-31;Analyser les tendances du marché
4;2023-07-19;Coordonner les activités de maintenance des équipements
7;2023-08-09;Mettre à jour les manuels de formation
2;2023-06-21;Répondre aux demandes de renseignements des investisseurs
6;2023-09-09;Vérifier les erreurs dans les contrats clients
5;2023-08-04;Effectuer des analyses de rentabilité des produits
3;2023-07-03;Organiser les réunions de coordination
9;2023-08-25;Préparer les supports de présentation pour les conférences
1;2023-06-16;Nettoyer les espaces communs de l'entreprise
8;2023-09-01;Vérifier les résultats des tests qualité
4;2023-07-20;Préparer les dossiers pour les audits internes
7;2023-08-10;Effectuer des analyses de satisfaction clients
2;2023-06-22;Planifier les formations pour l'amélioration des compétences
6;2023-09-10;Vérifier les erreurs dans les rapports d'activité
5;2023-08-05;Coordonner les actions de responsabilité environnementale
3;2023-07-04;Mettre à jour les politiques de ressources humaines
9;2023-08-26;Rédiger les procédures opérationnelles
1;2023-06-17;Organiser les événements d'entreprise
8;2023-09-02;Analyser les résultats des tests de performance
4;2023-07-22;Préparer les documents pour les formations internes
7;2023-08-11;Mettre à jour les informations sur le site web de l'entreprise
2;2023-06-23;Répondre aux demandes de renseignements des médias
6;2023-09-11;Vérifier les erreurs dans les rapports de gestion
5;2023-08-06;Planifier les activités de développement durable
3;2023-07-05;Organiser les actions de communication externe
9;2023-08-28;Réaliser des études de marché
1;2023-06-18;Nettoyer les espaces de travail individuels
8;2023-09-03;Vérifier la conformité réglementaire
4;2023-07-24;Préparer les dossiers pour les certifications
7;2023-08-12;Effectuer des analyses de rentabilité des projets
2;2023-06-24;Répondre aux demandes de renseignements des organismes gouvernementaux
6;2023-09-12;Vérifier les erreurs dans les rapports de vente
5;2023-08-07;Coordonner les actions de développement de produits
3;2023-07-06;Mettre à jour les politiques d'achat
9;2023-08-29;Rédiger les rapports de satisfaction clients
1;2023-06-19;Organiser les déjeuners d'équipe
8;2023-09-04;Analyser les résultats des enquêtes de marché
4;2023-07-25;Préparer les dossiers pour les contrôles qualité
7;2023-08-13;Mettre à jour les informations sur les réseaux sociaux
2;2023-06-25;Répondre aux demandes de renseignements des clients potentiels
6;2023-09-13;Vérifier les erreurs dans les rapports financiers trimestriels
5;2023-08-08;Planifier les activités de communication interne
3;2023-07-07;Organiser les visites des partenaires commerciaux
9;2023-08-30;Réaliser des études de marché concurrentielles
1;2023-06-20;Organiser les événements de lancement de produits
8;2023-09-05;Vérifier les résultats des tests de sécurité informatique
4;2023-07-26;Préparer les dossiers pour les certifications ISO
7;2023-08-14;Effectuer des analyses de rentabilité des investissements
2;2023-06-26;Répondre aux demandes de renseignements des actionnaires
6;2023-09-14;Vérifier les erreurs dans les rapports de gestion financière
5;2023-08-09;Coordonner les actions de communication externe
3;2023-07-08;Mettre à jour les politiques de développement des produits
9;2023-08-31;Rédiger les rapports d'analyse de marché
1;2023-06-21;Organiser les activités de bien-être au travail
8;2023-09-06;Analyser les résultats des tests de fiabilité des produits
4;2023-07-27;Préparer les dossiers pour les audits externes
7;2023-08-15;Mettre à jour les informations sur le site web corporate
2;2023-06-27;Répondre aux demandes de renseignements des fournisseurs externes
6;2023-09-15;Vérifier les erreurs dans les rapports de performance commerciale
5;2023-08-10;Planifier les actions de responsabilité sociétale
3;2023-07-09;Organiser les réunions avec les organismes de normalisation
9;2023-09-01;Réaliser des études de marché pour de nouveaux produits
1;2023-06-22;Organiser les activités de reconnaissance des employés
8;2023-09-07;Vérifier les résultats des tests de conformité
4;2023-07-28;Préparer les dossiers pour les évaluations de performance
7;2023-08-16;Effectuer des analyses de rentabilité des campagnes marketing
2;2023-06-28;Répondre aux demandes de renseignements des clients internationaux
6;2023-09-16;Vérifier les erreurs dans les rapports de satisfaction clients
5;2023-08-11;Coordonner les actions de communication interne et externe
3;2023-07-10;Mettre à jour les politiques d'approvisionnement
9;2023-09-02;Rédiger les rapports d'analyse de la concurrence
1;2023-06-23;Organiser les activités de team-building virtuelles
8;2023-09-08;Analyser les résultats des tests de performance des systèmes
4;2023-07-29;Préparer les dossiers pour les audits de sécurité
7;2023-08-17;Mettre à jour les informations sur le site web de recrutement
2;2023-06-29;Répondre aux demandes de renseignements des partenaires stratégiques
6;2023-09-17;Vérifier les erreurs dans les rapports d'activité commerciale
5;2023-08-12;Planifier les actions de responsabilité environnementale et sociale
3;2023-07-11;Organiser les réunions avec les fournisseurs stratégiques
9;2023-09-03;Réaliser des études de marché pour de nouveaux marchés
1;2023-06-24;Organiser les événements de networking
8;2023-09-09;Vérifier les résultats des tests de qualité des produits finis
4;2023-07-30;Préparer les dossiers pour les certifications de conformité
7;2023-08-18;Effectuer des analyses de rentabilité des projets stratégiques
2;2023-06-30;Répondre aux demandes de renseignements des organismes de réglementation
6;2023-09-18;Vérifier les erreurs dans les rapports de gestion de projet
5;2023-08-13;Coordonner les actions de communication avec les médias
3;2023-07-12;Mettre à jour les politiques de gestion des stocks
9;2023-09-04;Rédiger les rapports d'analyse de la satisfaction clients
1;2023-06-25;Organiser les séances de formation interne
8;2023-09-10;Analyser les résultats des tests de sécurité des systèmes
4;2023-07-31;Préparer les dossiers pour les évaluations de compétences
7;2023-08-19;Mettre à jour les informations sur le site web institutionnel
2;2023-07-01;Répondre aux demandes de renseignements des clients internes